Index,MICdate,Fatality_Min,Fatality_Max,Countries_Involved,Initiator_Country,Target_Country
article_9337.txt,2008-03-25,1,1,"United States, Egypt",United States,Egypt
article_8029.txt,2008-02-24,0,0,"Sudanese army and Janjawid militia, Rebel Justice and Equality Movement (JEM)",,
article_2262.txt,2008-12-29,8,8,"Ethiopia, Somalia, Al-Shabab, Ahlu Sunna wal Jama'a",,
article_4175.txt,2008-12-17,0,0,"Turkey, Iraq",Turkey,Iraq
article_4161.txt,2008-09-27,3,3,"Turkey, Iraq",Turkey,Iraq
article_6038.txt,2008-06-12,11,11,"Pakistan, United States",,
article_7440.txt,2008-03-07,5,5,"Somalia, Ethiopia",,
article_100.txt,2008-11-21,5,5,"France, Islamic Party of Golboddin Hekmatyar",France,Islamic Party of Golboddin Hekmatyar
article_10045.txt,2008-03-06,0,0,"United States, South Korea, North Korea",United States,North Korea
article_10047.txt,2008-03-13,0,0,"United States, North Korea",United States,North Korea
article_10066.txt,2008-02-12,0,0,"United States, Russia",,
article_10090.txt,2008-02-12,0,0,"United States, Somalia (Puntland)",United States,Somalia (Puntland)
article_10091.txt,2008-03-03,13,13,"United States, Somalia",United States,Somalia
article_10093.txt,2008-03-03,4,4,"United States, Somalia",United States,Somalia
article_10094.txt,2008-03-04,0,0,"USA, SOM, Kenya",USA,SOM
article_10108.txt,2008-05-10,0,0,"Sudanese government, Darfur rebels",,
article_10112.txt,2008-10-26,8,8,"United States, Syria",United States,Syria
article_10113.txt,2008-10-27,8,8,"United States, Syria",United States,Syria
article_10118.txt,2008-10-28,7,7,"United States, Syria",United States,Syria
article_10143.txt,2008-10-27,8,8,"United States, Syria",United States,Syria
article_10161.txt,2008-03-04,0,0,"Venezuela, Colombia",Venezuela,Colombia
article_10163.txt,2008-03-12,0,0,"Venezuela, Colombia",Venezuela,Colombia
article_10183.txt,2008-04-29,11,11,"Yemeni forces, Al-Huthi rebels",,
article_10184.txt,2008-05-01,7,7,"Yemen, Al-Huthi rebels",,Yemen
article_1021.txt,2008-12-25,5,5,"United Kingdom, United States, Afghanistan",,
article_1024.txt,2008-12-30,0,0,"Pakistan, NATO",Pakistan,NATO
article_1041.txt,2008-11-08,0,0,"Angola, Democratic Republic of Congo",,
article_1050.txt,2008-01-22,2,2,"Azerbaijan, Nagorno-Karabakh",Azerbaijan,Nagorno-Karabakh
article_1055.txt,2008-03-04,2,2,"Azerbaijan, Armenia",Armenia,Azerbaijan
article_1056.txt,2008-03-04,11,11,"Armenia, Azerbaijan",Azerbaijan,Armenia
article_1057.txt,2008-03-04,11,11,"Armenia, Azerbaijan",Azerbaijan,Armenia
article_1058.txt,2008-03-04,8,8,"Armenia, Azerbaijan",Azerbaijan,Armenia
article_1059.txt,2008-03-05,3,12,"Azerbaijan, Armenia",Azerbaijan,Armenia
article_1060.txt,2008-03-05,4,12,"Azerbaijan, Armenia",Armenia,Azerbaijan
article_1061.txt,2008-03-05,15,15,"Armenia, Azerbaijan",Azerbaijan,Armenia
article_1062.txt,2008-03-05,12,12,"Armenia, Azerbaijan",Azerbaijan,Armenia
article_1063.txt,2008-03-05,4,12,"Armenia, Azerbaijan",,
article_1064.txt,2008-03-05,3,3,"Azerbaijan, Armenia",Armenia,Azerbaijan
article_1065.txt,2008-03-04,2,2,"Armenia, Azerbaijan",Azerbaijan,Armenia
article_1066.txt,2008-03-06,16,16,"Armenia, Azerbaijan",,
article_1067.txt,2008-03-09,2,2,"Armenia, Azerbaijan",Armenia,Azerbaijan
article_1068.txt,2008-03-10,2,2,"Azerbaijan, Armenia",Armenia,Azerbaijan
article_1069.txt,2008-03-10,4,4,"Azerbaijan, Armenia",,
article_1074.txt,2008-06-13,0,0,"Armenia, Azerbaijan",Armenia,Azerbaijan
article_1076.txt,2008-07-19,1,1,"Azerbaijan, Armenia",Azerbaijan,Armenia
article_1078.txt,2008-09-18,20,20,"Azerbaijan, Armenia",,
article_1084.txt,2008-11-16,3,3,"Azerbaijan, Armenia",Armenia,Azerbaijan
article_1085.txt,2008-11-19,3,3,"Azerbaijan, Armenia",,
article_1086.txt,2008-11-20,2,2,"Armenia, Azerbaijan",Azerbaijan,Armenia
article_1087.txt,2008-12-23,1,1,"Azerbaijan, Armenia",Armenia,Azerbaijan
article_1116.txt,2008-11-23,0,0,"Australian forces, Taleban",Taleban,Australian forces
article_1118.txt,2008-11-30,5,5,"Australia, Afghanistan",,Australia
article_1119.txt,2008-11-30,7,7,"NATO, Taleban",Taleban,NATO
article_1120.txt,2008-12-26,7,7,"Australia, Taleban",Taleban,Australia
article_1154.txt,2008-02-16,1,1,"Azerbaijan, Armenia",Armenia,Azerbaijan
article_1155.txt,2008-03-04,2,2,"Azerbaijan, Armenia",Armenia,Azerbaijan
article_1156.txt,2008-03-04,2,2,"Armenia, Azerbaijan",,
article_1157.txt,2008-03-04,2,2,"Armenia, Azerbaijan",,
article_1158.txt,2008-03-05,1,1,"Armenia, Azerbaijan",Azerbaijan,Nagorno-Karabakh Republic
article_1160.txt,2008-03-04,12,12,"Armenia, Azerbaijan",Armenia,Azerbaijan
article_1161.txt,2008-03-04,12,12,"Azerbaijan, Armenia",Azerbaijan,Armenia
article_1164.txt,2008-03-10,2,2,"Azerbaijan, Armenia",,
article_1170.txt,2008-06-12,0,0,"Armenia, Azerbaijan",Armenia,Azerbaijan
article_1171.txt,2008-06-13,1,1,"Azerbaijan, Armenia",Armenia,Azerbaijan
article_1172.txt,2008-06-19,1,1,"Armenia, Azerbaijan",Azerbaijan,Armenia
article_1173.txt,2008-06-23,1,1,"Azerbaijan, Armenia",Armenia,Azerbaijan
article_1176.txt,2008-11-17,1,1,"Azerbaijan, Armenia",Azerbaijan,Armenia
article_1178.txt,2008-12-26,1,1,"Azerbaijan, Armenia",Armenia,Azerbaijan
article_1179.txt,2008-12-27,5,5,"Armenia, Azerbaijan",,
article_120.txt,2008-10-20,5,5,"Germany, Afghanistan",,Afghanistan
article_1206.txt,2008-07-17,1,1,"Iran, Iraq",Iran,Iraq
article_1225.txt,2008-02-01,3,3,"India, Bangladesh",India,Bangladesh
article_1226.txt,2008-02-11,0,0,"Bangladesh, India",India,Bangladesh
article_1228.txt,2008-07-18,2,2,"Bangladesh, India",India,Bangladesh
article_1229.txt,2008-07-18,2,2,"Bangladesh, India",India,Bangladesh
article_1230.txt,2008-07-18,2,2,"Bangladesh, India",India,Bangladesh
article_1231.txt,2008-07-18,2,2,"Bangladesh, India",India,Bangladesh
article_1232.txt,2008-07-18,2,2,"Bangladesh, India",Bangladesh,India
article_1233.txt,2008-07-18,2,2,"Bangladesh, India",Bangladesh,India
article_1234.txt,2008-07-18,2,2,"Bangladesh, India",India,Bangladesh
article_1235.txt,2008-07-19,2,2,"India, Bangladesh",India,Bangladesh
article_1236.txt,2008-07-19,2,2,"Bangladesh, India",India,Bangladesh
article_1237.txt,2008-07-20,2,2,"Bangladesh, India",India,Bangladesh
article_1241.txt,2008-12-26,0,0,"Bangladesh, India",,
article_1242.txt,2008-12-28,0,0,"India, Bangladesh",,
article_1244.txt,2008-11-03,0,0,"Burma, Bangladesh",Burma,Bangladesh
article_1245.txt,2008-11-08,0,0,"Bangladesh, Burma",,
article_1246.txt,2008-11-10,0,0,"Burma (Myanmar), Bangladesh",Burma (Myanmar),Bangladesh
article_1247.txt,2008-11-12,0,0,"Bangladesh, Burma",,
article_1248.txt,2008-11-16,0,0,"Bangladesh, Burma",,
article_1252.txt,2008-07-28,18,18,"Sri Lanka, Liberation Tigers of Tamil Eelam (LTTE)",Sri Lanka,Liberation Tigers of Tamil Eelam (LTTE)
article_1291.txt,2008-04-17,1,1,"Turkey, Bulgaria",,
article_1292.txt,2008-10-21,1,1,"Thailand, Cambodia",,
article_1293.txt,2008-10-15,2,2,"Thailand, Cambodia",,
article_1298.txt,2008-07-15,0,0,"Cambodia, Thailand",,
article_1299.txt,2008-07-17,0,0,"Cambodia, Thailand",,
article_1300.txt,2008-07-19,0,0,"Cambodia, Thailand",Thailand,Cambodia
article_1303.txt,2008-07-15,0,0,"Cambodia, Thailand",Cambodia,Thailand
article_1304.txt,2008-07-22,0,0,"Cambodia, Thailand",,
article_1305.txt,2008-07-22,0,0,"Cambodia, Thailand",,
article_1306.txt,2008-07-15,0,0,"Thailand, Cambodia",,
article_1308.txt,2008-07-28,0,0,"Cambodia, Thailand",,
article_1309.txt,2008-07-28,0,0,"Cambodia, Thailand",,
article_1312.txt,2008-07-17,0,0,"Cambodia, Thailand",,
article_1313.txt,2008-10-03,1,1,"Cambodia, Thailand",Thailand,Cambodia
article_1314.txt,2008-07-28,0,0,"Cambodia, Thailand",,
article_1315.txt,2008-07-29,0,0,"Cambodia, Thailand",,
article_1320.txt,2008-08-06,0,0,"Cambodia, Thailand",,
article_1325.txt,2008-07-15,0,0,"Cambodia, Thailand",Thailand,Cambodia
article_1326.txt,2008-07-15,0,0,"Cambodia, Thailand",Thailand,Cambodia
article_1327.txt,2008-07-15,0,0,"Cambodia, Thailand",,
article_1328.txt,2008-08-16,0,0,"Thailand, Cambodia",,
article_1329.txt,2008-08-16,0,0,"Thailand, Cambodia",Thailand,Cambodia
article_1330.txt,2008-07-15,0,0,"Cambodia, Thailand",,
article_1337.txt,2008-10-03,0,0,"Cambodia, Thailand",,
article_1338.txt,2008-10-03,0,0,"Cambodia, Thailand",Thailand,Cambodia
article_1339.txt,2008-10-03,0,0,"Cambodia, Thailand",Cambodia,Thailand
article_1340.txt,2008-10-04,3,3,"Thailand, Cambodia",Thailand,Cambodia
article_1341.txt,2008-10-04,3,3,"Cambodia, Thailand",,
article_1342.txt,2008-10-04,3,3,"Cambodia, Thailand",Thailand,Cambodia
article_1343.txt,2008-10-04,0,0,"Cambodia, Thailand",,
article_1344.txt,2008-10-04,0,0,"Cambodia, Thailand",,
article_1345.txt,2008-10-06,3,3,"Thailand, Cambodia",,
article_1347.txt,2008-10-13,1,1,"Cambodia, Thailand",,
article_1348.txt,2008-10-13,0,0,"Cambodia, Thailand",,
article_1349.txt,2008-10-03,3,3,"Cambodia, Thailand",,
article_1350.txt,2008-10-13,0,0,"Cambodia, Thailand",,
article_1351.txt,2008-10-03,3,3,"Cambodia, Thailand",,
article_1352.txt,2008-10-14,0,0,"Thailand, Cambodia",Cambodia,Thailand
article_1353.txt,2008-10-14,0,0,"Thailand, Cambodia",,
article_1354.txt,2008-10-14,0,0,"Thailand, Cambodia",Cambodia,Thailand
article_1355.txt,2008-10-14,0,0,"Thailand, Cambodia",,
article_1358.txt,2008-10-15,0,0,"Thailand, Cambodia",,
article_1359.txt,2008-10-15,2,2,"Cambodia, Thailand",,
article_136.txt,2008-05-17,6,6,"Afghanistan, United States",,Taleban
article_1360.txt,2008-10-15,1,1,"Cambodia, Thailand",,
article_1361.txt,2008-10-15,1,1,"Cambodia, Thailand",,
article_1362.txt,2008-10-15,1,1,"Thailand, Cambodia",Cambodia,Thailand
article_1363.txt,2008-10-15,2,2,"Cambodia, Thailand",,
article_1364.txt,2008-10-15,0,0,"Thailand, Cambodia",Cambodia,Thailand
article_1365.txt,2008-10-15,0,0,"Cambodia, Thailand",,
article_1366.txt,2008-10-15,2,2,"Thailand, Cambodia",Thailand,Cambodia
article_1367.txt,2008-10-15,2,2,"Cambodia, Thailand",Thailand,Cambodia
article_1368.txt,2008-10-16,2,2,"Cambodia, Thailand",,
article_1369.txt,2008-10-16,2,2,"Thailand, Cambodia",Cambodia,Thailand
article_1370.txt,2008-10-16,2,2,"Thailand, Cambodia",,
article_1371.txt,2008-10-16,2,2,"Thailand, Cambodia",,
article_1372.txt,2008-10-15,2,2,"Thailand, Cambodia",,
article_1373.txt,2008-10-06,2,2,"Cambodia, Thailand",,
article_1374.txt,2008-10-16,2,2,"Cambodia, Thailand",,
article_1375.txt,2008-10-16,2,2,"Cambodia, Thailand",,
article_1376.txt,2008-10-15,2,2,"Thailand, Cambodia",,
article_1377.txt,2008-10-16,2,2,"Cambodia, Thailand",,
article_1378.txt,2008-10-17,3,3,"Cambodia, Thailand",,
article_1379.txt,2008-10-17,2,2,"Cambodia, Thailand",,
article_1380.txt,2008-10-17,2,2,"Cambodia, Thailand",,
article_1381.txt,2008-10-17,2,2,"Cambodia, Thailand",,
article_1383.txt,2008-10-18,2,2,"Cambodia, Thailand",,
article_1384.txt,2008-10-15,2,2,"Thailand, Cambodia",,
article_1385.txt,2008-10-16,2,2,"Thailand, Cambodia",,
article_1386.txt,2008-10-15,2,2,"Cambodia, Thailand",,
article_1387.txt,2008-10-15,2,2,"Cambodia, Thailand",,
article_1389.txt,2008-10-15,4,4,"Thailand, Cambodia",,
article_1392.txt,2008-10-15,2,2,"Cambodia, Thailand",,
article_1393.txt,2008-10-15,2,2,"Thailand, Cambodia",Cambodia,Thailand
article_1394.txt,2008-10-15,4,4,"Thailand, Cambodia",,
article_1395.txt,2008-10-15,4,4,"Cambodia, Thailand",,
article_1398.txt,2008-11-15,4,4,"Cambodia, Thailand",,
article_1399.txt,2008-11-15,4,4,"Cambodia, Thailand",,
article_1400.txt,2008-11-15,4,4,"Cambodia, Thailand",,
article_1401.txt,2008-10-15,4,4,"Cambodia, Thailand",,
article_1427.txt,2008-06-03,1,1,"Canada, Afghanistan",,Taliban
article_1438.txt,2008-08-22,13,13,"Poland, Canada, United States, France, Afghanistan",,
article_1439.txt,2008-08-26,6,6,"Canada, Afghanistan",Afghan Taleban,Canada
article_1441.txt,2008-08-29,6,6,"Canada, Afghanistan",,Canada
article_1449.txt,2008-11-19,4,4,"Canada, Afghanistan",Afghanistan,Canada
article_1451.txt,2008-11-30,5,5,"Canada, Afghanistan",Taleban,Canada
article_1453.txt,2008-12-05,6,6,"Canada, Afghanistan",Taleban,Canada
article_1456.txt,2008-12-13,11,11,"Canada, Afghanistan",Taleban,Canada
article_1458.txt,2008-12-18,13,13,"Canada, Taleban",Taleban,Canada
article_1459.txt,2008-12-24,5,5,"Canada, Afghanistan",,Canada
article_1461.txt,2008-12-26,7,7,"Canada, Afghanistan",Taleban (Islamic Emirate),Canada
article_1463.txt,2008-12-28,7,7,"Canada, Afghanistan",,
article_1509.txt,2008-02-04,0,0,"Chad, Cameroon",,
article_1512.txt,2008-07-13,0,0,"Cameroon, Nigeria",,
article_1514.txt,2008-07-25,12,12,"Cameroon, Nigeria",,
article_1535.txt,2008-03-03,0,0,"Sudan, Chad",,
article_1546.txt,2008-02-01,0,0,"Chad, Sudan, EU (European Union), France",,
article_1551.txt,2008-02-02,0,0,"Chad, France, Sudan",,
article_1553.txt,2008-02-01,0,0,"Chad, France, Sudan",,
article_1554.txt,2008-02-02,0,0,"Chad, Niger",Niger,Chad
article_1556.txt,2008-02-03,1,1,"Chad, France",,
article_1558.txt,2008-02-03,0,0,"Chad, France",,
article_1560.txt,2008-02-03,0,0,"Chad, France",Chad,Rebels
article_1561.txt,2008-02-03,0,0,"Chad, Sudan",Sudan,Chad
article_1562.txt,2008-02-04,50,50,"Chad, Sudan",Chad,Sudan
article_1563.txt,2008-02-04,0,0,"Chad, Sudan",Rebels in Chad,Government of Chad
article_1564.txt,2008-02-04,0,0,"Chad, Sudan",,
article_1567.txt,2008-02-04,30,30,"Chad, Sudan",Chad,Sudan
article_1568.txt,2008-02-05,0,0,"Chad, France",,
article_1571.txt,2008-02-07,300,300,"Chad, Sudan",,
article_1584.txt,2008-06-14,0,0,"Chad, National Alliance (UFDC)",,
article_1586.txt,2008-06-15,0,0,"Chad, National Alliance",National Alliance,Chad
article_1588.txt,2008-09-28,10,10,"Chad, Union of Forces for Change and Democracy (UFCD)",Union of Forces for Change and Democracy (UFCD),Chad
article_1589.txt,2008-09-28,10,10,"Chad, Union of Forces for Change and Democracy (UFCD)",Union of Forces for Change and Democracy (UFCD),Chad
article_1590.txt,2008-06-12,0,0,"Chad, National Alliance (rebels)",,
article_1599.txt,2008-04-02,0,0,"Sudan, Chad",Chad,Sudan
article_16.txt,2008-10-17,0,0,"Afghanistan, Bulgaria",,
article_1602.txt,2008-01-05,0,0,"Chad, Sudan",Chad,Sudan
article_1603.txt,2008-01-06,0,0,"Sudan, Chad",Chad,Sudan
article_1604.txt,2008-01-07,3,3,"Sudan, Chad",Sudan,Chad
article_1605.txt,2008-01-07,9,9,"Chad, Sudan",Chad,Sudan
article_1606.txt,2008-01-08,0,0,"Chad, Sudan",Chad,Sudan
article_1607.txt,2008-01-08,3,3,"Chad, Sudan",Chad,Sudan
article_1608.txt,2008-01-10,1,1,"Sudan, UNAMID",Sudan,UNAMID
article_1609.txt,2008-01-31,0,0,"Chad, Rebels",,
article_1610.txt,2008-02-01,0,0,"Chad, Sudan",Sudan,Chad
article_1613.txt,2008-02-02,0,0,"Chad, Rebels",,
article_1614.txt,2008-02-03,0,0,"Chad, Sudan",,
article_1615.txt,2008-02-03,0,0,"Chad, Sudan",Chad rebels,Government of Chad
article_1616.txt,2008-02-03,0,0,"Chad, Sudan",Chad (rebel groups),Chad
article_1617.txt,2008-02-03,0,0,"Chad, Sudan",,
article_1618.txt,2008-02-03,0,0,"Chad, Sudan",,
article_1619.txt,2008-02-03,0,0,"Chad, Sudan",,
article_1620.txt,2008-02-03,0,0,"Chad, Sudan",Chad (rebel group FSR),Chad
article_1621.txt,2008-02-04,0,0,"Chad, Rebels",,
article_1622.txt,2008-02-04,0,0,"Chad, Sudan",,
article_1623.txt,2008-02-04,0,0,"Chad, Rebels",,
article_1624.txt,2008-02-04,50,50,"Chad, Sudan",,
article_1625.txt,2008-02-04,200,200,"Chad, Sudan",,
article_1626.txt,2008-02-04,200,200,"Chad, Sudan",,
article_1627.txt,2008-02-04,0,0,"Chad, Sudan",,
article_1628.txt,2008-02-04,50,50,"Chad, Sudan",,
article_1630.txt,2008-02-04,1,1,"Sudan, Chad",Sudan,Chad
article_1631.txt,2008-02-04,0,0,"Chad, Rebels",,
article_1632.txt,2008-02-04,0,0,"Chad, Sudan",,
article_1633.txt,2008-02-04,0,0,"Chad, Sudan",,
article_1635.txt,2008-02-05,0,0,"Chad, Sudan",Sudan,Chad
article_1638.txt,2008-02-11,160,160,"Chad, Sudan",,
article_1653.txt,2008-03-03,0,0,"EUFOR (European Union Force), Sudan",,
article_1657.txt,2008-03-05,1,1,"Sudan, France",,
article_1658.txt,2008-03-05,4,4,"France, Sudan",,
article_166.txt,2008-11-09,1,1,"Italy, Afghanistan",,Italy
article_1664.txt,2008-04-01,0,0,"Chad, Sudan, Rebel groups",,
article_1665.txt,2008-04-01,0,0,"Chad, Sudan",,
article_1666.txt,2008-04-01,0,0,"Chad, Sudan",,
article_1667.txt,2008-04-01,0,0,"Chad, Sudan",Rebels from Sudan,Chad
article_1668.txt,2008-04-02,0,0,"Sudan, Chad",,
article_1669.txt,2008-04-02,0,0,"Chad, Sudan",,
article_167.txt,2008-11-09,2,2,"Italy, Afghanistan",,Italy
article_1670.txt,2008-04-02,0,0,"Chad, Sudan",,
article_1671.txt,2008-04-02,0,0,"Sudan, Chad",Chad,Sudan
article_1672.txt,2008-04-03,0,0,"Sudan, Chad",Chad,Sudan
article_1675.txt,2008-05-13,0,0,"Sudan, Chad",,
article_1678.txt,2008-06-13,0,0,"Chad, France",,
article_1679.txt,2008-06-15,0,0,"Chad, Sudan",Chad,Sudan
article_1682.txt,2008-06-17,0,0,"Chad, Sudan",,
article_1683.txt,2008-06-17,0,0,"Chad, Sudan",,
article_1684.txt,2008-06-17,0,0,"Chad, Sudan",Sudan,Chad
article_1685.txt,2008-06-17,0,0,"Sudan, Chad",,
article_1686.txt,2008-06-17,4,4,"Chad, Sudan",Chad,Sudan
article_1687.txt,2008-06-17,161,161,"Chad, Sudan",Chad,Sudan
article_1688.txt,2008-06-18,161,161,"Chad, Sudan",Chad,Sudan
article_1689.txt,2008-06-19,27,27,"Chad, Rebel National Alliance",,
article_1690.txt,2008-06-21,27,27,"Chad, Sudan",Chad,Sudan
article_1692.txt,2008-10-28,0,0,"Chad, EUFOR",Chad,EUFOR
article_1697.txt,2008-06-14,0,0,"Chad, Rebels, Sudan",Rebels,Chad
article_1698.txt,2008-06-15,0,0,"Ireland, Chad",,
article_1699.txt,2008-02-02,0,0,"Chad, Rebels",,
article_17.txt,2008-06-17,0,0,"Afghanistan, Canada, NATO",Afghanistan,Taliban
article_1700.txt,2008-02-02,0,0,"Chad, Libya",,
article_1701.txt,2008-02-02,0,0,"Chad, Rebels",,
article_171.txt,2008-10-12,67,67,"Afghanistan, NATO",,Taliban
article_1728.txt,2008-12-08,0,0,"China, Japan",China,Japan
article_1735.txt,2008-12-17,0,0,"China, Somalia",,
article_1740.txt,2008-09-02,10,10,"Pakistan, China",Pakistan,
article_1741.txt,2008-10-18,60,60,"Pakistan, China",Pakistan,
article_1748.txt,2008-05-27,0,0,"North Korea, China, South Korea",North Korea,South Korea
article_1749.txt,2008-05-27,0,0,"North Korea, China, South Korea",North Korea,South Korea
article_1755.txt,2008-09-29,1,1,"China, North Korea",North Korea,China
article_1756.txt,2008-09-29,1,1,"China, North Korea",North Korea,China
article_1786.txt,2008-01-07,0,0,"China, Vietnam",Vietnam,China
article_1797.txt,2008-03-01,17,17,"Colombia, Ecuador",Colombia,Ecuador
article_1798.txt,2008-03-01,17,17,"Venezuela, Colombia, Ecuador",Colombia,Venezuela
article_1799.txt,2008-03-15,17,17,"Venezuela, Colombia, Ecuador",Colombia,Venezuela
article_1802.txt,2008-03-03,15,15,"Ecuador, Colombia, Venezuela",Colombia,Ecuador
article_1803.txt,2008-03-03,15,15,"Venezuela, Ecuador, Colombia",Colombia,Ecuador
article_1804.txt,2008-03-03,17,17,"Venezuela, Ecuador, Colombia",Colombia,"Venezuela, Ecuador"
article_1805.txt,2008-03-03,17,17,"Venezuela, Ecuador, Colombia",Colombia,"Venezuela, Ecuador"
article_1806.txt,2008-03-03,17,17,"Ecuador, Colombia",Colombia,Ecuador
article_1807.txt,2008-03-03,0,0,"Ecuador, Colombia",Colombia,Ecuador
article_1808.txt,2008-03-03,1,1,"Ecuador, Colombia",Colombia,Ecuador
article_1809.txt,2008-03-03,17,17,"Venezuela, Ecuador, Colombia",Colombia,Venezuela and Ecuador
article_1810.txt,2008-03-03,1,1,"Colombia, Ecuador",Colombia,Ecuador
article_1813.txt,2008-03-04,1,1,"Colombia, Ecuador",Colombia,Ecuador
article_1815.txt,2008-03-04,1,1,"Ecuador, Colombia",Colombia,Ecuador
article_1816.txt,2008-03-05,1,1,"Colombia, Ecuador, Venezuela",Colombia,Ecuador
article_1818.txt,2008-03-05,1,1,"Colombia, Ecuador",Colombia,Ecuador
article_1819.txt,2008-03-05,17,17,"Ecuador, Colombia",Colombia,Ecuador
article_1821.txt,2008-03-11,25,25,"Colombia, Ecuador",Colombia,Ecuador
article_1824.txt,2008-03-23,25,25,"Colombia, Ecuador",Colombia,Ecuador
article_1825.txt,2008-03-26,25,25,"Colombia, Ecuador",Colombia,Ecuador
article_1828.txt,2008-04-14,21,21,"Ecuador, Colombia",Ecuador,Colombia
article_1830.txt,2008-05-07,3,3,"Ecuador, Colombia",Colombia,Ecuador
article_1850.txt,2008-03-03,1,1,"Ecuador, Venezuela, Colombia",Colombia,Ecuador
article_1851.txt,2008-03-04,0,0,"Venezuela, Colombia",Venezuela,Colombia
article_1854.txt,2008-03-05,24,24,"Venezuela, Colombia",Colombia,Venezuela
article_1855.txt,2008-03-05,0,0,"Venezuela, Colombia",Venezuela,Colombia
article_1856.txt,2008-03-05,24,24,"Venezuela, Colombia",Colombia,Venezuela
article_1858.txt,2008-03-06,0,0,"Venezuela, Colombia, Ecuador",Colombia,Ecuador
article_1859.txt,2008-03-06,0,0,"Venezuela, Colombia",Venezuela,Colombia
article_1877.txt,2008-03-25,0,0,"Comoros, Anjouan",Comoros federal army backed by African Union troops,Anjouan
article_1878.txt,2008-03-25,0,0,"Comoros, Union of Comoros, AU (African Union)",Comoros,Anjouan
article_1881.txt,2008-03-25,0,0,"Comoros, Anjouan",Comoros,Anjouan
article_1882.txt,2008-03-11,0,0,"Comoros, Tanzania, Senegal, Libya, United States, France",,Anjouan
article_1884.txt,2008-03-14,0,0,"Tanzania, Senegal, Libya, Sudan, Comoros, France, United States",,Anjouan
article_1885.txt,2008-03-26,5,5,"Comoros, African Union",Comoros,Anjouan
article_1888.txt,2008-03-26,0,0,"Comoros, African Union",Comoros,Anjouan
article_1889.txt,2008-03-11,0,0,"Senegal, Comoros, Libya, Sudan, Tanzania",,Comoros
article_1891.txt,2008-03-16,0,0,"Sudan, Comoros",Sudan,Comoros
article_1893.txt,2008-03-19,0,0,"Comoros, Tanzania, Sudan, Senegal",,Anjouan
article_1896.txt,2008-03-25,0,0,"Comoros, African Union",,
article_1899.txt,2008-03-14,0,0,"Comoros, Union of Comoros, AU (African Union), Tanzania, Senegal, Sudan, Libya",AU (African Union),Anjouan
article_1903.txt,2008-03-22,0,0,"Comoros, Sudan, Tanzania, African Union",,Anjouan
article_1904.txt,2008-03-24,0,0,"Comoros, Anjouan",Comoros,Anjouan
article_1905.txt,2008-03-24,0,0,"Comoros, Tanzania, Sudan",Comoros,Anjouan
article_1906.txt,2008-03-24,0,0,"Comoros, African Union",,Anjouan
article_1907.txt,2008-03-25,0,0,"Comoros, African Union",,Comoros
article_1908.txt,2008-03-25,0,0,"Comoros, Tanzania, African Union",,Anjouan
article_1909.txt,2008-03-25,0,0,"AU (African Union), Comoros",AU (African Union),Comoros
article_1916.txt,2008-11-06,0,0,"Congo (Democratic Republic of the Congo), Rebels led by Laurent Nkunda",,
article_1920.txt,2008-11-06,0,0,"Democratic Republic of Congo, Rwanda",Rebels loyal to ethnic Tutsi renegade general Laurent Nkunda,Pro-government Mai Mai militia and Congolese army troops
article_1927.txt,2008-08-31,0,0,"Congo, Uganda, Rwanda",,
article_1928.txt,2008-09-09,9,9,"Congo, Rebels loyal to a dissident warlord (led by Laurent Nkunda)",,
article_1929.txt,2008-09-24,0,0,"Congo, Rebel fighters loyal to Laurent Nkunda",,
article_1931.txt,2008-10-30,0,0,"Rwanda, Democratic Republic of Congo",,
article_1933.txt,2008-12-22,0,0,"Democratic Republic of Congo, Rebels (CNDP), Government troops",,
article_1970.txt,2008-06-02,0,0,"Cyprus, Greece, France",,
article_1971.txt,2008-06-02,0,0,"Cyprus, Greece, France",,
article_1977.txt,2008-11-19,0,0,"Cyprus, Turkey",,Cyprus
article_1988.txt,2008-10-01,0,0,Czech Republic,,
article_2009.txt,2008-10-20,0,0,"Denmark, Taleban",,Denmark
article_2018.txt,2008-04-21,0,0,"Eritrea, Djibouti",Eritrea,Djibouti
article_2020.txt,2008-04-26,0,0,"Djibouti, Eritrea",,
article_2023.txt,2008-05-09,0,0,"Djibouti, Eritrea",,
article_2024.txt,2008-06-11,0,0,"Djibouti, Eritrea",Eritrea,Djibouti
article_2025.txt,2008-06-12,6,6,"Djibouti, Eritrea",Eritrea,Djibouti
article_2026.txt,2008-06-10,2,2,"Eritrea, Djibouti",Eritrea,Djibouti
article_2027.txt,2008-06-12,6,6,"Djibouti, Eritrea",Eritrea,Djibouti
article_2028.txt,2008-06-12,6,6,"Djibouti, Eritrea",Eritrea,Djibouti
article_2030.txt,2008-06-13,0,0,"Djibouti, Eritrea",Eritrea,Djibouti
article_2031.txt,2008-06-13,6,6,"Djibouti, Eritrea",Eritrea,Djibouti
article_2032.txt,2008-06-15,800,800,"Djibouti, Eritrea",Eritrea,Djibouti
article_2033.txt,2008-06-16,0,0,"Djibouti, Eritrea",Eritrea,Djibouti
article_2034.txt,2008-06-17,5,5,"Djibouti, Eritrea",,
article_2036.txt,2008-06-13,0,0,"Djibouti, Eritrea, France",,
article_2041.txt,2008-03-05,1,1,"Colombia, Ecuador",Colombia,Ecuador
article_2055.txt,2008-06-13,7,7,"Israel, Hamas (Palestine)",,
article_2059.txt,2008-07-09,1,1,"Egypt, Israel",Egypt,Israel
article_2066.txt,2008-12-25,3,3,"Israel, Palestinian militants (Hamas), Egypt",,
article_2086.txt,2008-06-11,2,2,"Djibouti, Eritrea",Eritrea,Djibouti
article_2087.txt,2008-06-12,6,6,"Eritrea, Djibouti",Eritrea,Djibouti
article_2088.txt,2008-06-12,9,9,"Eritrea, Djibouti",Eritrea,Djibouti
article_2089.txt,2008-06-13,6,6,"Eritrea, Djibouti",,
article_2090.txt,2008-06-13,6,6,"Eritrea, Djibouti",Eritrea,Djibouti
article_2091.txt,2008-06-14,9,9,"Eritrea, Djibouti",Eritrea,Djibouti
article_2092.txt,2008-06-15,0,0,"Eritrea, Djibouti",,
article_2093.txt,2008-06-15,20,20,"Eritrea, Djibouti",,
article_2100.txt,2008-10-15,27,27,"Eritrea, Ethiopia",Tigray People's Democratic Movement (TPDM),Ethiopian government
article_2113.txt,2008-03-11,2,2,"Ethiopia, Somalia",Ethiopia,Somalia
article_2115.txt,2008-01-16,1,1,"Ethiopia, Somalia",Ethiopia,Somalia
article_2116.txt,2008-01-17,9,9,"Ethiopia, Somalia",Ethiopia,Somalia
article_2119.txt,2008-01-29,17,17,"Ethiopia, Somalia",,
article_2120.txt,2008-01-29,17,19,"Somalia, Ethiopia",,
article_2121.txt,2008-01-30,0,0,"Somalia, Ethiopia",,
article_2123.txt,2008-02-12,1,1,"Ethiopia, Somalia",Ethiopia,Somalia
article_2125.txt,2008-02-15,2,2,"Ethiopia, Somalia",Somalia,Ethiopia
article_2127.txt,2008-03-03,5,5,"Somalia, Ethiopia",Islamist insurgents (Somalia),Ethiopia
article_2128.txt,2008-03-30,0,0,"Ethiopia, Somalia",Ethiopia,Somalia
article_2130.txt,2008-04-04,0,0,"Ethiopia, Somalia",Ethiopia,Somalia
article_2131.txt,2008-04-05,3,3,"Ethiopia, Somalia",Ethiopia,Somalia
article_2132.txt,2008-04-14,0,0,"Ethiopia, Somalia",,
article_2133.txt,2008-04-15,0,0,"Ethiopia, Somalia",,
article_2135.txt,2008-04-19,3,3,"Ethiopia, Somalia",Ethiopia,Islamic insurgents
article_2136.txt,2008-04-19,12,12,"Islamic insurgents, Ethiopian troops",,
article_2138.txt,2008-04-20,13,13,"Ethiopia, Somalia",Ethiopia,Somalia
article_2139.txt,2008-04-20,81,81,"Ethiopia, Somalia",Ethiopia,Somalia
article_2140.txt,2008-04-20,0,0,"Ethiopia, Somalia",Ethiopia,Somalia
article_2141.txt,2008-04-21,81,81,"Ethiopia, Somalia",Ethiopia,Somalia
article_2143.txt,2008-04-21,0,0,"Ethiopia, Somalia",Ethiopia,Al-Shabaab
article_2145.txt,2008-04-21,1,1,"Somalia, Ethiopia",,
article_2148.txt,2008-04-24,0,0,"Ethiopia, Somalia",Ethiopia,Somalia
article_2150.txt,2008-04-26,0,0,"Ethiopia, Somalia",Ethiopia,Somalia
article_2151.txt,2008-04-27,0,0,"Ethiopia, Somalia",,
article_2152.txt,2008-04-29,6,6,"Ethiopia, Somalia",Ethiopia,Somalia
article_2153.txt,2008-04-29,8,8,"Ethiopia, Somalia",Ethiopia,Somalia
article_2154.txt,2008-04-29,6,6,"Ethiopia, Somalia",Ethiopia,Somalia
article_2156.txt,2008-04-29,6,6,"Ethiopia, Somalia",Ethiopia,Somalia
article_2157.txt,2008-04-30,10,10,"Ethiopia, Somalia",,
article_2158.txt,2008-04-30,12,12,"Ethiopia, Somalia",Ethiopia,Somalia
article_2159.txt,2008-05-01,0,0,"Somalia, Ethiopia",Somalia,Ethiopia
article_2160.txt,2008-05-02,0,0,"Ethiopia, Somalia",,
article_2161.txt,2008-05-04,3,3,"Ethiopia, Somalia",,Somalia
article_2162.txt,2008-05-08,6,6,"Ethiopia, Somalia",Ethiopia,Somalia
article_2166.txt,2008-05-13,0,0,"Ethiopia, Somalia",Ethiopia,Somalia
article_2167.txt,2008-05-15,0,0,"Ethiopia, Somalia",Ethiopia,Somalia
article_2168.txt,2008-05-17,3,3,"Ethiopia, Somalia",Ethiopia,Somalia
article_2172.txt,2008-05-22,2,2,"Ethiopia, Somalia",,Somalia
article_2175.txt,2008-06-08,0,0,"Somalia, Ethiopia",,
article_2178.txt,2008-06-09,0,0,"Ethiopia, Somalia",Ethiopia,Somalia
article_2179.txt,2008-06-12,0,0,"Ethiopia, Somalia",Somalia Al-Shabab Islamists,Ethiopia
article_2182.txt,2008-06-29,0,0,"Ethiopia, Somalia",Ethiopia,Insurgents
article_2183.txt,2008-06-29,4,4,"Ethiopia, Somalia",Ethiopia,Somalia
article_2184.txt,2008-07-01,26,26,"Ethiopia, Somalia",Ethiopia,Somalia
article_2185.txt,2008-07-01,60,60,"Ethiopia, Somalia",Ethiopia,Somalia
article_2186.txt,2008-07-01,15,15,"Ethiopia, Somalia",Ethiopia,Somalia
article_2187.txt,2008-07-05,0,0,"Ethiopia, Somalia",,
article_2188.txt,2008-07-05,0,0,"Somalia, Ethiopia",Ethiopia,Somalia
article_2193.txt,2008-07-17,5,5,"Ethiopia, Somalia",Ethiopia,Somalia
article_2194.txt,2008-07-18,0,0,"Ethiopia, Somalia",Ethiopia,Somalia
article_2196.txt,2008-07-21,7,7,"Ethiopia, Somalia, Islamist insurgents",,
article_2198.txt,2008-07-24,4,4,"Ethiopia, Somalia",Ethiopia,Somalia
article_2199.txt,2008-07-25,0,0,"Ethiopia, Somalia",Ethiopia,Insurgents in Somalia
article_2200.txt,2008-07-25,0,0,"Ethiopia, Somalia",Ethiopia,Somalia
article_2201.txt,2008-07-26,12,28,"Ethiopia, Somalia",Somalia,Ethiopia
article_2202.txt,2008-08-07,0,0,"Ethiopia, Somalia",,
article_2203.txt,2008-08-09,2,2,"Ethiopia, Somalia",Ethiopia,Somalia
article_2204.txt,2008-08-10,0,0,"Ethiopia, Somalia",Somalia,Ethiopia
article_2205.txt,2008-08-11,6,6,"Ethiopia, Somalia",Ethiopia,Somalia
article_2206.txt,2008-08-11,0,0,"Ethiopia, Somalia",Somalia's Islamists (Union of Islamic Courts),Ethiopia
article_2208.txt,2008-08-15,46,46,"Ethiopia, Somalia",Ethiopia,Somalia
article_2209.txt,2008-08-16,13,13,"Ethiopia, Somalia",Somalia,Ethiopia
article_2213.txt,2008-08-30,0,0,"Ethiopia, Somalia",,
article_2217.txt,2008-09-06,0,0,"Ethiopia, Somalia",Ethiopia,Somalia
article_2222.txt,2008-09-14,0,0,"Ethiopia, Somalia",,
article_2223.txt,2008-09-19,0,0,"Somalia, Ethiopia",,
article_2224.txt,2008-09-20,1,1,"Ethiopia, Somalia",Ethiopia,Somalia
article_2226.txt,2008-10-10,0,0,"Ethiopia, Somalia",,
article_2227.txt,2008-10-15,0,0,"Ethiopia, Somalia",Ethiopia,Insurgents in Somalia
article_2228.txt,2008-10-17,3,3,"Ethiopia, Somalia",Somalia,Ethiopia
article_2230.txt,2008-10-26,6,6,"Ethiopia, Somalia",Ethiopia,Somalia
article_2233.txt,2008-11-19,0,0,"Somalia, Ethiopia",Somalia (Islamic Courts),Somalia (Interim Government) and Ethiopia
article_2235.txt,2008-11-20,0,0,"Ethiopia, Somalia",Somalia,Ethiopia
article_2237.txt,2008-11-22,9,9,"Ethiopia, Somalia",Somalia (Union of Islamic Courts),Ethiopia
article_2243.txt,2008-12-05,15,15,"Ethiopia, Somalia",Ethiopia,Somalia
article_2244.txt,2008-12-05,15,15,"Ethiopia, Somalia",Ethiopia,Somalia
article_2245.txt,2008-12-05,0,0,"Ethiopia, Somalia",,
article_2247.txt,2008-12-09,0,0,"Ethiopia, Al Shabab",,
article_2249.txt,2008-12-09,0,0,"Ethiopia, Insurgents",,
article_2251.txt,2008-12-11,0,0,"Ethiopia, Somalia",Ethiopia,Somalia
article_2253.txt,2008-12-13,11,11,"Ethiopia, Somalia",Ethiopia,Somalia
article_2263.txt,2008-12-30,0,0,"Ethiopia, Somalia",Ethiopia,Somalia
article_2265.txt,2008-05-11,0,0,"Sudan, Ethiopia",Sudan,Ethiopia
article_2266.txt,2008-07-08,1,1,"Sudan, Ethiopia",Ethiopia,Sudan
article_2278.txt,2008-08-18,10,10,"France, Taliban",,France
article_2288.txt,2008-08-11,15,15,"France, Taleban",Taleban,France
article_2293.txt,2008-08-19,10,10,"France, United States, Taliban",,
article_2294.txt,2008-08-19,10,10,"France, United States, Taliban",,
article_2295.txt,2008-08-19,10,10,"France, United States, Taliban",,
article_2296.txt,2008-08-19,10,10,"France, Afghanistan",,Insurgents
article_2297.txt,2008-08-19,10,10,"France, Afghanistan",,
article_230.txt,2008-03-07,0,0,"Coalition forces, Taleban",Taleban,Coalition forces
article_2303.txt,2008-08-21,10,10,"France, Taliban",,France
article_2305.txt,2008-08-22,10,10,"France, Taliban",,France
article_2315.txt,2008-09-19,29,29,"France, Taleban",Taleban,France
article_2317.txt,2008-09-18,10,10,"France, Taliban",,France
article_2321.txt,2008-09-27,6,6,"France, Taleban",,France
article_2322.txt,2008-09-27,6,6,"France, Taleban",,France
article_2323.txt,2008-09-28,0,0,"France, Afghanistan",,
article_2327.txt,2008-10-29,6,6,"France, Taleban",Taleban,France
article_2328.txt,2008-11-05,1,1,"France, Afghanistan",Taleban,France
article_2329.txt,2008-11-10,2,2,"France, Afghanistan",France,Afghanistan
article_233.txt,2008-03-14,6,6,"Pakistan, Afghanistan",Afghanistan,Pakistan
article_2332.txt,2008-11-18,6,6,"France, Taleban",Taleban,France
article_2334.txt,2008-12-28,8,8,"France, Taleban",Taleban,France
article_2350.txt,2008-01-29,0,0,"Chad, Sudan",Chad,Sudan
article_2354.txt,2008-02-02,0,0,"Chad, France",,
article_2355.txt,2008-02-04,0,0,"France, Chad",,
article_2357.txt,2008-02-04,0,0,"Chad, France",,
article_2360.txt,2008-02-05,0,0,"France, Chad",,
article_2362.txt,2008-02-05,0,0,"France, Chad",,Chad
article_2366.txt,2008-02-07,160,160,"Chad, Sudan",,
article_2367.txt,2008-02-07,0,0,"Chad, Rebel group",Chad,Rebel group
article_2374.txt,2008-02-15,160,160,"Chad, Sudan",,
article_2382.txt,2008-03-18,10,10,"Comoros Islands, Anjouan",Comoros Islands,Anjouan
article_2395.txt,2008-09-17,3,3,"Democratic Republic of the Congo, CNDP (Congolese National Defence Congress)",,
article_2405.txt,2008-08-14,0,0,"Georgia, Russia",Georgia,Russia
article_2419.txt,2008-04-19,7,7,"Niger, France",Niger rebels (FARS Saharan Revolutionary Armed Front),French Army
article_2420.txt,2008-06-29,0,0,"Niger, MNJ (Mouvement pour le Salut du Peuple)",Niger,MNJ
article_2421.txt,2008-11-17,0,0,"Niger, France",Movement of Niger Citizens for Justice (MNJ),Niger
article_2422.txt,2008-09-18,10,10,"France, Taliban",,France
article_2439.txt,2008-03-05,1,1,"Sudan, France",Sudan,France
article_2440.txt,2008-03-05,1,1,"Sudan, France",Sudan,France
article_2442.txt,2008-03-07,1,1,"France, Sudan",France,Sudan
article_2474.txt,2008-02-19,0,0,"Germany, Afghanistan",,Germany
article_249.txt,2008-04-15,0,0,"Pakistan, Afghanistan",,
article_2495.txt,2008-08-23,8,8,"Germany, Taleban",Taleban,Germany
article_2496.txt,2008-08-23,8,8,"Germany, Taleban",Taleban,Germany
article_250.txt,2008-04-15,3,3,"ISAF, Afghanistan, Pakistan",Taleban,US security firm
article_2512.txt,2008-10-20,7,7,"Afghanistan, Germany, NATO",Taleban,Germany
article_256.txt,2008-04-23,9,9,"Afghanistan, Pakistan",,
article_2567.txt,2008-08-12,0,0,"Georgia, Russia",Georgia,Russia
article_2570.txt,2008-08-10,0,0,"Georgia, Russia",,
article_2571.txt,2008-08-10,5,5,"Russia, Georgia",Russia,Georgia
article_2579.txt,2008-08-16,0,0,"Georgia, Russia",,
article_2580.txt,2008-08-17,5,5,"Georgia, Russia",Russia,Georgia
article_2581.txt,2008-08-25,0,0,"Georgia, South Ossetia",South Ossetia,Georgia
article_2587.txt,2008-10-08,50,50,"Russia, Georgia",Russia,Georgia
article_2595.txt,2008-08-11,500,500,"Georgia, Russia",Russia,Georgia
article_261.txt,2008-04-24,14,14,"Pakistan, Afghanistan",Afghanistan,Pakistan
article_262.txt,2008-04-24,1,1,"Pakistan, NATO, Afghanistan",,
article_2624.txt,2008-01-05,2,2,"Georgia, Abkhazia, Russia",Abkhazia,Georgia
article_2626.txt,2008-01-23,0,0,"Georgia, Abkhazia",Abkhazia,Georgia
article_263.txt,2008-04-25,0,0,"Afghanistan, Pakistan",Afghanistan,Pakistan
article_2635.txt,2008-03-14,0,0,"Georgia, Russia, Ossetia",Ossetia,Georgia
article_2636.txt,2008-03-16,0,0,"Georgia, Russia",Russia,Georgia
article_2637.txt,2008-03-18,0,0,"Georgia, Abkhazia",Abkhazia,Georgia
article_2639.txt,2008-03-31,0,0,"Georgia, Russia, South Ossetia",Georgia,South Ossetia
article_2641.txt,2008-08-08,5,5,"Russia, Georgia",Georgia,Russia
article_2649.txt,2008-04-20,0,0,"Georgia, Abkhazia",Abkhazia,Georgia
article_2650.txt,2008-04-20,0,0,"Georgia, Russia",Russia,Georgia
article_2653.txt,2008-04-21,0,0,"Georgia, Russia",Russia,Georgia
article_2654.txt,2008-04-21,0,0,"Georgia, Russia",null,null
article_2656.txt,2008-04-21,0,0,"Georgia, Abkhazia, Russia",null,null
article_2657.txt,2008-04-21,0,0,"Georgia, Russia",Russia,Georgia
article_2660.txt,2008-04-21,0,0,"Georgia, Russia",Russia,Georgia
article_2661.txt,2008-04-21,0,0,"Georgia, Russia",Russia,Georgia
article_2662.txt,2008-04-21,0,0,"Georgia, Russia",Russia,Georgia
article_2664.txt,2008-04-21,0,0,"Georgia, Russia",null,null
article_2665.txt,2008-04-22,0,0,"Georgia, Russia",null,null
article_2669.txt,2008-04-20,0,0,"Georgia, Russia",null,null
article_2682.txt,2008-05-03,0,0,"Russia, Georgia, Abkhazia",Georgia,Abkhazia
article_2683.txt,2008-05-03,0,0,"Georgia, Russia, Abkhazia",Georgia,Abkhazia
article_2684.txt,2008-05-04,0,0,"Georgia, Russia, Abkhazia",Georgia,Abkhazia
article_2687.txt,2008-05-04,0,0,"Georgia, Abkhaz separatist forces",Abkhaz separatist forces,Georgia
article_2688.txt,2008-05-04,0,0,"Georgia, Abkhaz separatist forces",Abkhaz separatist forces,Georgia
article_2689.txt,2008-05-03,0,0,"Georgia, Abkhazia",Georgia,Abkhazia
article_2692.txt,2008-05-04,0,0,"Georgia, Russia, Abkhazia, South Ossetia",Russia,Georgia
article_2694.txt,2008-05-04,0,0,"Georgia, Abkhazia",Georgia,Abkhazia
article_270.txt,2008-05-09,2,2,"Afghanistan, Pakistan",null,null
